Time(GMT),Topic,CMD,Frame ID,확장 Frame ID,Data,DIAG_DATA,MON_DATA,WIFI_DATA,Raw Data
01:25:21,clip/provisioning/devices,deploy,0xt ,,,,,,"{""mid"":364791,""did"":""a37da83a-b7dd-1af0-a778-34e6e696b22c"",""kind"":""FAKPU23016"",""cmd"":""deploy"",""rssi"":-52,""ble_rssi"":-100,""fs"":""idle"",""br"":4800,""per"":-1,""data"":{""appInfo"":{""rollbackInfo"":{""area_b"":""clip_ble_v1.9.215"",""active"":""area_b"",""area_a"":""clip_ble_v1.9.212""},""modelName"":""FAKPU23016"",""modelLanguage"":""02"",""softVer"":""2.11.315"",""ruleVer"":""2.11.315"",""countryCode"":""US"",""subCountryCode"":""US"",""appVersion"":""clip_ble_v1.9.215"",""modemType"":""RTK_RTL8720cm"",""regionalCode"":""aic-qa"",""timezone"":""-0400"",""svcCode"":""SVC202"",""HomeApSsid"":"""",""DeviceType"":""221"",""ruleEngine"":""y"",""protocolVer"":""6"",""oneshot"":""y"",""size"":2097152,""fwUpgradeInfo"":{""upgSched"":{""cmd"":""none"",""upgUtc"":""0""}},""modemConfig"":{""online_check"":""y"",""device_status"":""y""},""schedFota"":""y"",""prodParam"":""01C80155530000"",""packageId"":""24465720144657101|1""},""platformInfo"":{""provisioningKey"":""FAKPU23016"",""version"":""clip_v2.00.15.05-SDK-8-RELEASE""},""extraProfile"":{""resetDetails"":{""reason"":""POWER_ON"",""cnt"":5},""profiling"":[{""st"":14,""n"":""PREF_wlan_connect_thread"",""s"":626,""e"":3567,""d"":2941,""c"":1},{""st"":15,""n"":""PREF_wlan_connect_thread_N"",""s"":828,""e"":3567,""d"":2739,""c"":1},{""st"":16,""n"":""PERF_association"",""s"":2307,""e"":3692,""d"":1385,""c"":1},{""st"":17,""n"":""PERF_4wayhs"",""s"":3692,""e"":3720,""d"":28,""c"":1},{""st"":18,""n"":""PERF_dhcp"",""s"":3722,""e"":4231,""d"":509,""c"":1},{""st"":23,""n"":""PERF_req_server_addr_nS_N"",""s"":295943,""e"":297754,""d"":1811,""c"":4},{""st"":24,""n"":""PERF_req_server_addr_save"",""s"":297754,""e"":297754,""d"":0,""c"":4},{""st"":25,""n"":""PERF_route"",""s"":361334,""e"":361335,""d"":1,""c"":5},{""st"":27,""n"":""PERF_csr"",""s"":361335,""e"":361346,""d"":11,""c"":5},{""st"":30,""n"":""PERF_mqtt"",""s"":361331,""e"":364780,""d"":3449,""c"":5},{""st"":31,""n"":""PERF_cloudlet"",""s"":293411,""e"":296099,""d"":2688,""c"":4},{""st"":33,""n"":""PERF_provisioning"",""s"":364781,""e"":293418,""d"":17,""c"":5},{""st"":38,""n"":""PERF_first_mon"",""s"":297549,""e"":297549,""d"":0,""c"":4}],""routerCnt"":1,""mqttCnt"":4,""bootId"":""15708512311651032903"",""cctld"":"""",""cctld_result"":-79,""api-server"":""https://aic-qa-common.lgthinq.com:443"",""mqtt-server"":""ssl://common-qa.iot.aic.lgthinq.com:8883"",""bleprog"":[{""st"":1,""n"":""BLE_INIT"",""s"":690,""e"":0,""d"":0,""c"":1}]}},""type"":0}"
01:25:21,lime/devices,completeProvisioning,0xt ,,,,,,"{""did"":""a37da83a-b7dd-1af0-a778-34e6e696b22c"",""mid"":1750901121791,""cmd"":""completeProvisioning"",""type"":0,""data"":{""result"":0,""host"":""message"",""appInfo"":{""host"":""message"",""publication"":{""message"":""clip/message/devices/a37da83a-b7dd-1af0-a778-34e6e696b22c"",""provisioning"":""clip/provisioning/devices/a37da83a-b7dd-1af0-a778-34e6e696b22c""}},""provisioningType"":""deploy""}}"
01:25:21,lime/devices,packet,0xCE,,AA2EF0CE01000000010001040005000CFEFF010000FFFFFFFFFFFFFFFFFFFFFFFFFFFF000074BE8902932E0049BB,,,,"{""did"":""a37da83a-b7dd-1af0-a778-34e6e696b22c"",""mid"":1750901121792,""cmd"":""packet"",""type"":1,""data"":""AA2EF0CE01000000010001040005000CFEFF010000FFFFFFFFFFFFFFFFFFFFFFFFFFFF000074BE8902932E0049BB""}"
01:25:21,lime/devices,modem_cmd_ext,0xt ,,,,,,"{""did"":""a37da83a-b7dd-1af0-a778-34e6e696b22c"",""mid"":1750901121792,""cmd"":""modem_cmd_ext"",""type"":0,""data"":{""subcmd"":""cctld"",""type"":4,""jira"":""SMTCO-3489""}}"
01:25:21,lime/devices,packet,0x28,,AA06F0289DBB,,,,"{""did"":""a37da83a-b7dd-1af0-a778-34e6e696b22c"",""mid"":1750901121830,""cmd"":""packet"",""type"":1,""data"":""AA06F0289DBB""}"
01:25:21,lime/devices,packet,0x29,,AA07F029019EBB,,,,"{""did"":""a37da83a-b7dd-1af0-a778-34e6e696b22c"",""mid"":1750901121792,""cmd"":""packet"",""type"":1,""data"":""AA07F029019EBB""}"
01:25:22,clip/message/devices,completeProvisioning_ack,,,,,,,"{""mid"":366098,""did"":""a37da83a-b7dd-1af0-a778-34e6e696b22c"",""kind"":""FAKPU23016"",""cmd"":""completeProvisioning_ack"",""rssi"":-52,""ble_rssi"":-100,""fs"":""idle"",""br"":4800,""per"":-1,""data"":null,""type"":1}"
01:25:22,lime/devices,packet,0xED,,AA12F0ED1121010000001804111200005EBB,,,,"{""did"":""a37da83a-b7dd-1af0-a778-34e6e696b22c"",""mid"":1750901122078,""cmd"":""packet"",""type"":1,""data"":""AA12F0ED1121010000001804111200005EBB""}"
01:25:23,clip/message/devices,device_packet,0x3E,,AA0B333E00000000057EBB,,,,"{""mid"":367292,""did"":""a37da83a-b7dd-1af0-a778-34e6e696b22c"",""kind"":""FAKPU23016"",""cmd"":""device_packet"",""rssi"":-52,""ble_rssi"":-100,""fs"":""idle"",""br"":4800,""per"":-1,""data"":""AA0B333E00000000057EBB"",""type"":1}"
01:25:23,lime/devices,ack,0x00,,AA08F0003E04B1BB,,,,"{""did"":""a37da83a-b7dd-1af0-a778-34e6e696b22c"",""mid"":1750901123270,""cmd"":""ack"",""type"":1,""data"":""AA08F0003E04B1BB""}"
01:25:23,clip/message/devices,device_packet,0xD8,,AA0733D800E9BB,,,,"{""mid"":367775,""did"":""a37da83a-b7dd-1af0-a778-34e6e696b22c"",""kind"":""FAKPU23016"",""cmd"":""device_packet"",""rssi"":-51,""ble_rssi"":-100,""fs"":""idle"",""br"":4800,""per"":-1,""data"":""AA0733D800E9BB"",""type"":1}"
01:25:23,lime/devices,ack,0x00,,AA08F000D8042BBB,,,,"{""did"":""a37da83a-b7dd-1af0-a778-34e6e696b22c"",""mid"":1750901123753,""cmd"":""ack"",""type"":1,""data"":""AA08F000D8042BBB""}"
01:25:24,clip/message/devices,device_packet,0x0A,0x00EB,AAFF330A00580000B0000100EB00460A00000E0F4E000000000000000008000B000300000E249007000000000400000000000000000000240000000000000400004000000000000000F000640004080000000000009CA1BB,,,,"{""mid"":368261,""did"":""a37da83a-b7dd-1af0-a778-34e6e696b22c"",""kind"":""FAKPU23016"",""cmd"":""device_packet"",""rssi"":-51,""ble_rssi"":-100,""fs"":""idle"",""br"":4800,""per"":-1,""data"":""AAFF330A00580000B0000100EB00460A00000E0F4E000000000000000008000B000300000E249007000000000400000000000000000000240000000000000400004000000000000000F000640004080000000000009CA1BB"",""type"":1}"
01:25:24,lime/devices,ack,0x00,,AA0AF0000A0400B037BB,,,,"{""did"":""a37da83a-b7dd-1af0-a778-34e6e696b22c"",""mid"":1750901124247,""cmd"":""ack"",""type"":1,""data"":""AA0AF0000A0400B037BB""}"
01:25:24,clip/message/devices,device_packet,0x0A,0x0A86,AAFF330A004E0000B100010A86003C08073230312D312D350105574D2D34380005574D2D34390005574D2D353000063230312D31370005574D2D36330105574D2D35350105574D2D363201C2B1BB,,,,"{""mid"":368766,""did"":""a37da83a-b7dd-1af0-a778-34e6e696b22c"",""kind"":""FAKPU23016"",""cmd"":""device_packet"",""rssi"":-51,""ble_rssi"":-100,""fs"":""idle"",""br"":4800,""per"":-1,""data"":""AAFF330A004E0000B100010A86003C08073230312D312D350105574D2D34380005574D2D34390005574D2D353000063230312D31370005574D2D36330105574D2D35350105574D2D363201C2B1BB"",""type"":1}"
01:25:24,lime/devices,ack,0x00,,AA0AF0000A0400B136BB,,,,"{""did"":""a37da83a-b7dd-1af0-a778-34e6e696b22c"",""mid"":1750901124757,""cmd"":""ack"",""type"":1,""data"":""AA0AF0000A0400B136BB""}"
01:25:25,lime/devices,packet,0x0B,0x0A87,AAFFF00B0013000CE900010A870001000315BB,,,,"{""did"":""a37da83a-b7dd-1af0-a778-34e6e696b22c"",""mid"":1750901125113,""cmd"":""packet"",""type"":1,""data"":""AAFFF00B0013000CE900010A870001000315BB""}"
01:25:25,clip/message/devices,device_packet,0x0A,0x0A85,AAFF330A004F0000B200010A85003D0008073230312D312D350105574D2D34380005574D2D34390005574D2D353000063230312D31370005574D2D36330105574D2D35350105574D2D363201BB15BB,,,,"{""mid"":369265,""did"":""a37da83a-b7dd-1af0-a778-34e6e696b22c"",""kind"":""FAKPU23016"",""cmd"":""device_packet"",""rssi"":-51,""ble_rssi"":-100,""fs"":""idle"",""br"":4800,""per"":-1,""data"":""AAFF330A004F0000B200010A85003D0008073230312D312D350105574D2D34380005574D2D34390005574D2D353000063230312D31370005574D2D36330105574D2D35350105574D2D363201BB15BB"",""type"":1}"
01:25:25,lime/devices,ack,0x00,,AA0AF0000A0400B231BB,,,,"{""did"":""a37da83a-b7dd-1af0-a778-34e6e696b22c"",""mid"":1750901125248,""cmd"":""ack"",""type"":1,""data"":""AA0AF0000A0400B231BB""}"
01:25:26,clip/message/devices,device_packet,0x00,,AA0A33000B000CE9B2BB,,,,"{""mid"":370058,""did"":""a37da83a-b7dd-1af0-a778-34e6e696b22c"",""kind"":""FAKPU23016"",""cmd"":""device_packet"",""rssi"":-51,""ble_rssi"":-100,""fs"":""idle"",""br"":4800,""per"":-1,""data"":""AA0A33000B000CE9B2BB"",""type"":1}"
01:25:26,clip/message/devices,device_packet,0x0A,0x0103,AAFF330A00410000B3000201030006110A020B11050105002546414B50553233303136000000000000000000000102CDDC6279040700000000000000000010CEBB,,,,"{""mid"":370069,""did"":""a37da83a-b7dd-1af0-a778-34e6e696b22c"",""kind"":""FAKPU23016"",""cmd"":""device_packet"",""rssi"":-51,""ble_rssi"":-100,""fs"":""idle"",""br"":4800,""per"":-1,""data"":""AAFF330A00410000B3000201030006110A020B11050105002546414B50553233303136000000000000000000000102CDDC6279040700000000000000000010CEBB"",""type"":1}"
01:25:26,lime/devices,ack,0x00,,AA0AF0000A0400B330BB,,,,"{""did"":""a37da83a-b7dd-1af0-a778-34e6e696b22c"",""mid"":1750901126331,""cmd"":""ack"",""type"":1,""data"":""AA0AF0000A0400B330BB""}"
01:25:26,clip/message/devices,device_packet,0x7F,,AA07337F0333BB,,,,"{""mid"":370839,""did"":""a37da83a-b7dd-1af0-a778-34e6e696b22c"",""kind"":""FAKPU23016"",""cmd"":""device_packet"",""rssi"":-51,""ble_rssi"":-100,""fs"":""idle"",""br"":4800,""per"":-1,""data"":""AA07337F0333BB"",""type"":1}"
01:25:26,lime/devices,ack,0x00,,AA08F0007F0470BB,,,,"{""did"":""a37da83a-b7dd-1af0-a778-34e6e696b22c"",""mid"":1750901126823,""cmd"":""ack"",""type"":1,""data"":""AA08F0007F0470BB""}"
01:25:26,lime/devices,packet,0x24,,AA09F0241001018CBB,,,,"{""did"":""a37da83a-b7dd-1af0-a778-34e6e696b22c"",""mid"":1750901126889,""cmd"":""packet"",""type"":1,""data"":""AA09F0241001018CBB""}"
01:25:27,clip/message/devices,device_packet,0x7F,,AA07337F0432BB,,,,"{""mid"":371334,""did"":""a37da83a-b7dd-1af0-a778-34e6e696b22c"",""kind"":""FAKPU23016"",""cmd"":""device_packet"",""rssi"":-51,""ble_rssi"":-100,""fs"":""idle"",""br"":4800,""per"":-1,""data"":""AA07337F0432BB"",""type"":1}"
01:25:27,lime/devices,ack,0x00,,AA08F0007F0470BB,,,,"{""did"":""a37da83a-b7dd-1af0-a778-34e6e696b22c"",""mid"":1750901127481,""cmd"":""ack"",""type"":1,""data"":""AA08F0007F0470BB""}"
01:25:27,lime/devices,packet,0x24,,AA09F024120114BBBB,,,,"{""did"":""a37da83a-b7dd-1af0-a778-34e6e696b22c"",""mid"":1750901127569,""cmd"":""packet"",""type"":1,""data"":""AA09F024120114BBBB""}"
01:25:28,clip/message/devices,device_packet,0x00,,AA08330024005CBB,,,,"{""mid"":371991,""did"":""a37da83a-b7dd-1af0-a778-34e6e696b22c"",""kind"":""FAKPU23016"",""cmd"":""device_packet"",""rssi"":-51,""ble_rssi"":-100,""fs"":""idle"",""br"":4800,""per"":-1,""data"":""AA08330024005CBB"",""type"":1}"
01:25:28,clip/message/devices,device_packet,0x00,,AA08330024005CBB,,,,"{""mid"":372212,""did"":""a37da83a-b7dd-1af0-a778-34e6e696b22c"",""kind"":""FAKPU23016"",""cmd"":""device_packet"",""rssi"":-51,""ble_rssi"":-100,""fs"":""idle"",""br"":4800,""per"":-1,""data"":""AA08330024005CBB"",""type"":1}"
01:26:01,clip/message/devices,device_packet,0x0A,0x0103,AAFF330A00500000C2000201030015120A020B12034100E3011E000000000000000000000105002546414B50553233303136000000000000000000000102CDDC62790407000000000000000000A9FEBB,,,,"{""mid"":405732,""did"":""a37da83a-b7dd-1af0-a778-34e6e696b22c"",""kind"":""FAKPU23016"",""cmd"":""device_packet"",""rssi"":-51,""ble_rssi"":-100,""fs"":""idle"",""br"":4800,""per"":-1,""data"":""AAFF330A00500000C2000201030015120A020B12034100E3011E000000000000000000000105002546414B50553233303136000000000000000000000102CDDC62790407000000000000000000A9FEBB"",""type"":1}"
01:26:01,lime/devices,ack,0x00,,AA0AF0000A0400C221BB,,,,"{""did"":""a37da83a-b7dd-1af0-a778-34e6e696b22c"",""mid"":1750901161716,""cmd"":""ack"",""type"":1,""data"":""AA0AF0000A0400C221BB""}"
01:26:08,clip/message/devices,device_packet,0x0A,0x0103,AAFF330A00500000C4000201030015130A020B13034100E402D60F09042209D9042D09A80105002546414B50553233303136000000000000000000000102CBDC6279040700000000000000000009B0BB,,,,"{""mid"":412018,""did"":""a37da83a-b7dd-1af0-a778-34e6e696b22c"",""kind"":""FAKPU23016"",""cmd"":""device_packet"",""rssi"":-53,""ble_rssi"":-100,""fs"":""idle"",""br"":4800,""per"":-1,""data"":""AAFF330A00500000C4000201030015130A020B13034100E402D60F09042209D9042D09A80105002546414B50553233303136000000000000000000000102CBDC6279040700000000000000000009B0BB"",""type"":1}"
01:26:08,lime/devices,ack,0x00,,AA0AF0000A0400C423BB,,,,"{""did"":""a37da83a-b7dd-1af0-a778-34e6e696b22c"",""mid"":1750901168010,""cmd"":""ack"",""type"":1,""data"":""AA0AF0000A0400C423BB""}"
01:26:09,clip/message/devices,device_packet,0x0A,0x0103,AAFF330A00500000C5000201030015140A020B14034100E5017A01F4006A013E007001550105002546414B50553233303136000000000000000000000102CBDC627904070000000000000000002219BB,,,,"{""mid"":413036,""did"":""a37da83a-b7dd-1af0-a778-34e6e696b22c"",""kind"":""FAKPU23016"",""cmd"":""device_packet"",""rssi"":-53,""ble_rssi"":-100,""fs"":""idle"",""br"":4800,""per"":-1,""data"":""AAFF330A00500000C5000201030015140A020B14034100E5017A01F4006A013E007001550105002546414B50553233303136000000000000000000000102CBDC627904070000000000000000002219BB"",""type"":1}"
01:26:09,lime/devices,ack,0x00,,AA0AF0000A0400C522BB,,,,"{""did"":""a37da83a-b7dd-1af0-a778-34e6e696b22c"",""mid"":1750901169014,""cmd"":""ack"",""type"":1,""data"":""AA0AF0000A0400C522BB""}"
01:26:11,clip/message/devices,device_packet,0x3E,,AA0B333E000000000679BB,,,,"{""mid"":415823,""did"":""a37da83a-b7dd-1af0-a778-34e6e696b22c"",""kind"":""FAKPU23016"",""cmd"":""device_packet"",""rssi"":-52,""ble_rssi"":-100,""fs"":""idle"",""br"":4800,""per"":-1,""data"":""AA0B333E000000000679BB"",""type"":1}"
01:26:11,lime/devices,ack,0x00,,AA08F0003E04B1BB,,,,"{""did"":""a37da83a-b7dd-1af0-a778-34e6e696b22c"",""mid"":1750901171803,""cmd"":""ack"",""type"":1,""data"":""AA08F0003E04B1BB""}"
01:26:14,clip/message/devices,device_packet,0x0A,0x0103,AAFF330A00500000C8000201030015150A020B15034100E6017A019D008200EF0079011B0105002546414B50553233303136000000000000000000000102CCDC627904070000000000000000008551BB,,,,"{""mid"":418003,""did"":""a37da83a-b7dd-1af0-a778-34e6e696b22c"",""kind"":""FAKPU23016"",""cmd"":""device_packet"",""rssi"":-52,""ble_rssi"":-100,""fs"":""idle"",""br"":4800,""per"":-1,""data"":""AAFF330A00500000C8000201030015150A020B15034100E6017A019D008200EF0079011B0105002546414B50553233303136000000000000000000000102CCDC627904070000000000000000008551BB"",""type"":1}"
01:26:14,lime/devices,ack,0x00,,AA0AF0000A0400C82FBB,,,,"{""did"":""a37da83a-b7dd-1af0-a778-34e6e696b22c"",""mid"":1750901173977,""cmd"":""ack"",""type"":1,""data"":""AA0AF0000A0400C82FBB""}"
01:26:15,clip/message/devices,device_packet,0x0A,0x0103,AAFF330A00500000C9000201030015160A020B16034100E7000E00FB003D00D6004000BC0105002546414B50553233303136000000000000000000000102CCDC6279040700000000000000000067B4BB,,,,"{""mid"":419021,""did"":""a37da83a-b7dd-1af0-a778-34e6e696b22c"",""kind"":""FAKPU23016"",""cmd"":""device_packet"",""rssi"":-52,""ble_rssi"":-100,""fs"":""idle"",""br"":4800,""per"":-1,""data"":""AAFF330A00500000C9000201030015160A020B16034100E7000E00FB003D00D6004000BC0105002546414B50553233303136000000000000000000000102CCDC6279040700000000000000000067B4BB"",""type"":1}"
01:26:15,lime/devices,ack,0x00,,AA0AF0000A0400C92EBB,,,,"{""did"":""a37da83a-b7dd-1af0-a778-34e6e696b22c"",""mid"":1750901175009,""cmd"":""ack"",""type"":1,""data"":""AA0AF0000A0400C92EBB""}"
01:26:18,clip/message/devices,device_packet,0x0A,0x0103,AAFF330A00500000CB000201030015170A020B17034100E8002900D5005F00A3005B00930105002546414B50553233303136000000000000000000000102CCDC62790407000000000000000000649FBB,,,,"{""mid"":422313,""did"":""a37da83a-b7dd-1af0-a778-34e6e696b22c"",""kind"":""FAKPU23016"",""cmd"":""device_packet"",""rssi"":-52,""ble_rssi"":-100,""fs"":""idle"",""br"":4800,""per"":-1,""data"":""AAFF330A00500000CB000201030015170A020B17034100E8002900D5005F00A3005B00930105002546414B50553233303136000000000000000000000102CCDC62790407000000000000000000649FBB"",""type"":1}"
01:26:18,lime/devices,ack,0x00,,AA0AF0000A0400CB28BB,,,,"{""did"":""a37da83a-b7dd-1af0-a778-34e6e696b22c"",""mid"":1750901178304,""cmd"":""ack"",""type"":1,""data"":""AA0AF0000A0400CB28BB""}"
01:26:21,clip/message/devices,device_packet,0x0A,0x0103,AAFF330A00500000CD000201030015180A020B18034100E9004C00A200520074004D00750105002546414B50553233303136000000000000000000000102CBDC627904070000000000000000008D82BB,,,,"{""mid"":425725,""did"":""a37da83a-b7dd-1af0-a778-34e6e696b22c"",""kind"":""FAKPU23016"",""cmd"":""device_packet"",""rssi"":-53,""ble_rssi"":-100,""fs"":""idle"",""br"":4800,""per"":-1,""data"":""AAFF330A00500000CD000201030015180A020B18034100E9004C00A200520074004D00750105002546414B50553233303136000000000000000000000102CBDC627904070000000000000000008D82BB"",""type"":1}"
01:26:21,lime/devices,ack,0x00,,AA0AF0000A0400CD2ABB,,,,"{""did"":""a37da83a-b7dd-1af0-a778-34e6e696b22c"",""mid"":1750901181698,""cmd"":""ack"",""type"":1,""data"":""AA0AF0000A0400CD2ABB""}"
01:26:23,clip/message/devices,device_packet,0x0A,0x0103,AAFF330A00500000CE000201030015190A020B19034100EA00E80068006C006B0096006B0105002546414B50553233303136000000000000000000000102CBDC62790407000000000000000000D251BB,,,,"{""mid"":427761,""did"":""a37da83a-b7dd-1af0-a778-34e6e696b22c"",""kind"":""FAKPU23016"",""cmd"":""device_packet"",""rssi"":-53,""ble_rssi"":-100,""fs"":""idle"",""br"":4800,""per"":-1,""data"":""AAFF330A00500000CE000201030015190A020B19034100EA00E80068006C006B0096006B0105002546414B50553233303136000000000000000000000102CBDC62790407000000000000000000D251BB"",""type"":1}"
01:26:23,lime/devices,ack,0x00,,AA0AF0000A0400CED5BB,,,,"{""did"":""a37da83a-b7dd-1af0-a778-34e6e696b22c"",""mid"":1750901183747,""cmd"":""ack"",""type"":1,""data"":""AA0AF0000A0400CED5BB""}"
01:26:26,clip/message/devices,device_packet,0x0A,0x0103,AAFF330A00500000D00002010300151A0A020B1A034100EB00D000A2011700A7018800860105002546414B50553233303136000000000000000000000102CADC627904070000000000000000009005BB,,,,"{""mid"":430513,""did"":""a37da83a-b7dd-1af0-a778-34e6e696b22c"",""kind"":""FAKPU23016"",""cmd"":""device_packet"",""rssi"":-54,""ble_rssi"":-100,""fs"":""idle"",""br"":4800,""per"":-1,""data"":""AAFF330A00500000D00002010300151A0A020B1A034100EB00D000A2011700A7018800860105002546414B50553233303136000000000000000000000102CADC627904070000000000000000009005BB"",""type"":1}"
01:26:26,lime/devices,ack,0x00,,AA0AF0000A0400D0D7BB,,,,"{""did"":""a37da83a-b7dd-1af0-a778-34e6e696b22c"",""mid"":1750901186489,""cmd"":""ack"",""type"":1,""data"":""AA0AF0000A0400D0D7BB""}"
01:26:32,clip/message/devices,device_packet,0x0A,0x0102,AAFF330A00890000D200020102004E0A020B65034100EC2800050008000B0000B8262A2527281E1E1E1E1EFFFFFFFFFF000000000000000000000000000000000000000000000000000000000000000000000000C0B0000001F00464000105002546414B50553233303136000000000000000000000102C9DC627904070000000000000000008239BB,,,,"{""mid"":436410,""did"":""a37da83a-b7dd-1af0-a778-34e6e696b22c"",""kind"":""FAKPU23016"",""cmd"":""device_packet"",""rssi"":-55,""ble_rssi"":-100,""fs"":""idle"",""br"":4800,""per"":-1,""data"":""AAFF330A00890000D200020102004E0A020B65034100EC2800050008000B0000B8262A2527281E1E1E1E1EFFFFFFFFFF000000000000000000000000000000000000000000000000000000000000000000000000C0B0000001F00464000105002546414B50553233303136000000000000000000000102C9DC627904070000000000000000008239BB"",""type"":1}"
01:26:32,lime/devices,ack,0x00,,AA0AF0000A0400D2D1BB,,,,"{""did"":""a37da83a-b7dd-1af0-a778-34e6e696b22c"",""mid"":1750901192383,""cmd"":""ack"",""type"":1,""data"":""AA0AF0000A0400D2D1BB""}"
01:27:02,clip/message/devices,device_packet,0x0A,0x0103,AAFF330A00500000DA0002010300151D0A020B1D034100ED00AA016F00EE010000DD00E70105002546414B50553233303136000000000000000000000102CBDC62790407000000000000000000820BBB,,,,"{""mid"":466547,""did"":""a37da83a-b7dd-1af0-a778-34e6e696b22c"",""kind"":""FAKPU23016"",""cmd"":""device_packet"",""rssi"":-53,""ble_rssi"":-100,""fs"":""idle"",""br"":4800,""per"":-1,""data"":""AAFF330A00500000DA0002010300151D0A020B1D034100ED00AA016F00EE010000DD00E70105002546414B50553233303136000000000000000000000102CBDC62790407000000000000000000820BBB"",""type"":1}"
01:27:02,lime/devices,ack,0x00,,AA0AF0000A0400DAD9BB,,,,"{""did"":""a37da83a-b7dd-1af0-a778-34e6e696b22c"",""mid"":1750901222539,""cmd"":""ack"",""type"":1,""data"":""AA0AF0000A0400DAD9BB""}"
01:27:03,clip/message/devices,device_packet,0x0A,0x0103,AAFF330A009E0000DB0002010300630F0A020B0F034100EE2800066401005A0000001401DD01DA01B3029A0188125F0D5C0D5A000E003C001500A30036003900000E060E0A000000000000017A0122004F00B7004800C00000000C013E00EE00E200DD00D500000011002A003200240017030105002546414B50553233303136000000000000000000000102CBDC6279040700000000000000000049B5BB,,,,"{""mid"":467105,""did"":""a37da83a-b7dd-1af0-a778-34e6e696b22c"",""kind"":""FAKPU23016"",""cmd"":""device_packet"",""rssi"":-53,""ble_rssi"":-100,""fs"":""idle"",""br"":4800,""per"":-1,""data"":""AAFF330A009E0000DB0002010300630F0A020B0F034100EE2800066401005A0000001401DD01DA01B3029A0188125F0D5C0D5A000E003C001500A30036003900000E060E0A000000000000017A0122004F00B7004800C00000000C013E00EE00E200DD00D500000011002A003200240017030105002546414B50553233303136000000000000000000000102CBDC6279040700000000000000000049B5BB"",""type"":1}"
01:27:03,lime/devices,ack,0x00,,AA0AF0000A0400DBD8BB,,,,"{""did"":""a37da83a-b7dd-1af0-a778-34e6e696b22c"",""mid"":1750901223092,""cmd"":""ack"",""type"":1,""data"":""AA0AF0000A0400DBD8BB""}"
01:27:11,clip/message/devices,device_packet,0x3E,,AA0B333E000000000778BB,,,,"{""mid"":475606,""did"":""a37da83a-b7dd-1af0-a778-34e6e696b22c"",""kind"":""FAKPU23016"",""cmd"":""device_packet"",""rssi"":-53,""ble_rssi"":-100,""fs"":""idle"",""br"":4800,""per"":-1,""data"":""AA0B333E000000000778BB"",""type"":1}"
01:27:11,lime/devices,ack,0x00,,AA08F0003E04B1BB,,,,"{""did"":""a37da83a-b7dd-1af0-a778-34e6e696b22c"",""mid"":1750901231592,""cmd"":""ack"",""type"":1,""data"":""AA08F0003E04B1BB""}"
01:28:03,clip/message/devices,device_packet,0x0A,0x00EC,AAFF330A009E0000EB000100EC008C0A00000E0F4E000000000000000008000B000300000E249007000000000400000000000000000000240000000000000400004000000000000000F000640004080000000000000A00000E0F4E000000000000000001000B000700000E249007000000000400000000000000000000240000000000000400004000000000000000F0006400040800000000000027CDBB,,,,"{""mid"":527529,""did"":""a37da83a-b7dd-1af0-a778-34e6e696b22c"",""kind"":""FAKPU23016"",""cmd"":""device_packet"",""rssi"":-54,""ble_rssi"":-100,""fs"":""idle"",""br"":4800,""per"":-1,""data"":""AAFF330A009E0000EB000100EC008C0A00000E0F4E000000000000000008000B000300000E249007000000000400000000000000000000240000000000000400004000000000000000F000640004080000000000000A00000E0F4E000000000000000001000B000700000E249007000000000400000000000000000000240000000000000400004000000000000000F0006400040800000000000027CDBB"",""type"":1}"
01:28:03,lime/devices,ack,0x00,,AA0AF0000A0400EBC8BB,,,,"{""did"":""a37da83a-b7dd-1af0-a778-34e6e696b22c"",""mid"":1750901283521,""cmd"":""ack"",""type"":1,""data"":""AA0AF0000A0400EBC8BB""}"
01:28:11,clip/message/devices,device_packet,0x3E,,AA0B333E00000000087BBB,,,,"{""mid"":535389,""did"":""a37da83a-b7dd-1af0-a778-34e6e696b22c"",""kind"":""FAKPU23016"",""cmd"":""device_packet"",""rssi"":-53,""ble_rssi"":-100,""fs"":""idle"",""br"":4800,""per"":-1,""data"":""AA0B333E00000000087BBB"",""type"":1}"
01:28:11,lime/devices,ack,0x00,,AA08F0003E04B1BB,,,,"{""did"":""a37da83a-b7dd-1af0-a778-34e6e696b22c"",""mid"":1750901291377,""cmd"":""ack"",""type"":1,""data"":""AA08F0003E04B1BB""}"
01:29:11,clip/message/devices,device_packet,0x3E,,AA0B333E00000000097ABB,,,,"{""mid"":595173,""did"":""a37da83a-b7dd-1af0-a778-34e6e696b22c"",""kind"":""FAKPU23016"",""cmd"":""device_packet"",""rssi"":-53,""ble_rssi"":-100,""fs"":""idle"",""br"":4800,""per"":-1,""data"":""AA0B333E00000000097ABB"",""type"":1}"
01:29:11,lime/devices,ack,0x00,,AA08F0003E04B1BB,,,,"{""did"":""a37da83a-b7dd-1af0-a778-34e6e696b22c"",""mid"":1750901351326,""cmd"":""ack"",""type"":1,""data"":""AA08F0003E04B1BB""}"
01:29:27,clip/message/devices,device_packet,0x0A,0x0103,AAFF330A007B000103000201030040080A020B08034100EF280008140000000004000000429000006401005A060002EA016202480000FFFF010014006C006B0092006C00700004B004560101007A000105002546414B50553233303136000000000000000000000102CCDC62790407000000000000000000B21BBB,,,,"{""mid"":611664,""did"":""a37da83a-b7dd-1af0-a778-34e6e696b22c"",""kind"":""FAKPU23016"",""cmd"":""device_packet"",""rssi"":-52,""ble_rssi"":-100,""fs"":""idle"",""br"":4800,""per"":-1,""data"":""AAFF330A007B000103000201030040080A020B08034100EF280008140000000004000000429000006401005A060002EA016202480000FFFF010014006C006B0092006C00700004B004560101007A000105002546414B50553233303136000000000000000000000102CCDC62790407000000000000000000B21BBB"",""type"":1}"
01:29:27,lime/devices,ack,0x00,,AA0AF0000A040103E3BB,,,,"{""did"":""a37da83a-b7dd-1af0-a778-34e6e696b22c"",""mid"":1750901367654,""cmd"":""ack"",""type"":1,""data"":""AA0AF0000A040103E3BB""}"
01:29:28,clip/message/devices,device_packet,0x0A,0x0103,AAFF330A00B40001040002010300790A0A020B0A034100F0280008140000000004000000429000000103640000000000000000000000000000000000006401000064000000000000000000000F1000F500000000010000000100000001000000006F640002FF0000000000FFFF001E1EFDFDFDFDFD8AEEFEFDFD30100070006040400800000000000105002546414B50553233303136000000000000000000000102CCDC62790407000000000000000000A192BB,,,,"{""mid"":612270,""did"":""a37da83a-b7dd-1af0-a778-34e6e696b22c"",""kind"":""FAKPU23016"",""cmd"":""device_packet"",""rssi"":-52,""ble_rssi"":-100,""fs"":""idle"",""br"":4800,""per"":-1,""data"":""AAFF330A00B40001040002010300790A0A020B0A034100F0280008140000000004000000429000000103640000000000000000000000000000000000006401000064000000000000000000000F1000F500000000010000000100000001000000006F640002FF0000000000FFFF001E1EFDFDFDFDFD8AEEFEFDFD30100070006040400800000000000105002546414B50553233303136000000000000000000000102CCDC62790407000000000000000000A192BB"",""type"":1}"
01:29:28,lime/devices,ack,0x00,,AA0AF0000A040104E2BB,,,,"{""did"":""a37da83a-b7dd-1af0-a778-34e6e696b22c"",""mid"":1750901368266,""cmd"":""ack"",""type"":1,""data"":""AA0AF0000A040104E2BB""}"
01:29:28,clip/message/devices,device_packet,0x72,,AA0933720000000DBB,,,,"{""mid"":612778,""did"":""a37da83a-b7dd-1af0-a778-34e6e696b22c"",""kind"":""FAKPU23016"",""cmd"":""device_packet"",""rssi"":-52,""ble_rssi"":-100,""fs"":""idle"",""br"":4800,""per"":-1,""data"":""AA0933720000000DBB"",""type"":1}"
01:29:28,lime/devices,ack,0x00,,AA08F00072044DBB,,,,"{""did"":""a37da83a-b7dd-1af0-a778-34e6e696b22c"",""mid"":1750901368758,""cmd"":""ack"",""type"":1,""data"":""AA08F00072044DBB""}"
01:29:29,clip/message/devices,device_packet,0x0A,0x00EC,AAFF330A009E000106000100EC008C0A00000E0F4E000000000000000001000B000700000E249007000000000400000000000000000000240000000000000400004000000000000000F000640004080000000000000A00000E00000000000000000000010000000B0000100E9000000000000400000000000000400000240000000000000400004000000000000000F00064000408000000000000DE70BB,,,,"{""mid"":612969,""did"":""a37da83a-b7dd-1af0-a778-34e6e696b22c"",""kind"":""FAKPU23016"",""cmd"":""device_packet"",""rssi"":-52,""ble_rssi"":-100,""fs"":""idle"",""br"":4800,""per"":-1,""data"":""AAFF330A009E000106000100EC008C0A00000E0F4E000000000000000001000B000700000E249007000000000400000000000000000000240000000000000400004000000000000000F000640004080000000000000A00000E00000000000000000000010000000B0000100E9000000000000400000000000000400000240000000000000400004000000000000000F00064000408000000000000DE70BB"",""type"":1}"
01:29:29,lime/devices,ack,0x00,,AA0AF0000A040106ECBB,,,,"{""did"":""a37da83a-b7dd-1af0-a778-34e6e696b22c"",""mid"":1750901368994,""cmd"":""ack"",""type"":1,""data"":""AA0AF0000A040106ECBB""}"
01:29:29,clip/message/devices,device_packet,0xE2,,AA4E33E203460A00000E0F4E00000000000000000B000B0014000024019007000000000400000000000000000000240000000000000400004000000000000000F0006400040800000000000028BB,,,,"{""mid"":613502,""did"":""a37da83a-b7dd-1af0-a778-34e6e696b22c"",""kind"":""FAKPU23016"",""cmd"":""device_packet"",""rssi"":-52,""ble_rssi"":-100,""fs"":""idle"",""br"":4800,""per"":-1,""data"":""AA4E33E203460A00000E0F4E00000000000000000B000B0014000024019007000000000400000000000000000000240000000000000400004000000000000000F0006400040800000000000028BB"",""type"":1}"
01:29:29,lime/devices,ack,0x00,,AA08F000E204DDBB,,,,"{""did"":""a37da83a-b7dd-1af0-a778-34e6e696b22c"",""mid"":1750901369473,""cmd"":""ack"",""type"":1,""data"":""AA08F000E204DDBB""}"
01:29:30,clip/message/devices,device_packet,0x0A,0x0104,AAFF330A005700010800010104004503010100040506073900000000FF013000000000FD1EFD00FDFDFD000001FD6F640000FDFD000000FD00000081264D120100001400050000740000402B40CB58000C1A180039FABB,,,,"{""mid"":614189,""did"":""a37da83a-b7dd-1af0-a778-34e6e696b22c"",""kind"":""FAKPU23016"",""cmd"":""device_packet"",""rssi"":-52,""ble_rssi"":-100,""fs"":""idle"",""br"":4800,""per"":-1,""data"":""AAFF330A005700010800010104004503010100040506073900000000FF013000000000FD1EFD00FDFDFD000001FD6F640000FDFD000000FD00000081264D120100001400050000740000402B40CB58000C1A180039FABB"",""type"":1}"
01:29:30,lime/devices,ack,0x00,,AA0AF0000A040108EEBB,,,,"{""did"":""a37da83a-b7dd-1af0-a778-34e6e696b22c"",""mid"":1750901370163,""cmd"":""ack"",""type"":1,""data"":""AA0AF0000A040108EEBB""}"